{"loss": [1.4009714126586914, 0.4442574381828308, 0.2702332139015198, 0.18075944483280182, 0.13455170392990112, 0.10449410229921341, 0.08755576610565186, 0.07146981358528137, 0.061256662011146545, 0.05663615092635155], "accuracy": [0.5895156264305115, 0.8574720621109009, 0.9120990037918091, 0.9410911202430725, 0.9565972089767456, 0.964762806892395, 0.9711074829101562, 0.976314127445221, 0.9793868660926819, 0.9813215732574463], "val_loss": [0.5854038596153259, 0.30242523550987244, 0.24269014596939087, 0.23343342542648315, 0.2168450504541397, 0.15840329229831696, 0.11964169889688492, 0.10470235347747803, 0.1489560455083847, 0.21981698274612427], "val_accuracy": [0.8182904720306396, 0.9000682830810547, 0.921522855758667, 0.9274982810020447, 0.9340428113937378, 0.9502048492431641, 0.963464617729187, 0.9669360518455505, 0.958172082901001, 0.9400750994682312]}